{
  "Achatina_Character_BP_C": "Achatina",
  "Allo_Character_BP_C": "Allosaurus",
  "Angler_Character_BP_C": "Anglerfish",
  "Ankylo_Character_BP_C": "Ankylosaurus",
  "Archa_Character_BP_C": "Archaeopteryx",
  "Argent_Character_BP_C": "Argentavis",
  "Arthro_Character_BP_C": "Arthropluera",
  "Baryonyx_Character_BP_C": "Baryonyx",
  "Basilosaurus_Character_BP_C": "Basilosaurus",
  "Bat_Character_BP_C": "Onyc",
  "Beaver_Character_BP_C": "Casteroides",
  "Bigfoot_Character_BP_C": "Gigantopithecus",
  "BoaFrill_Character_BP_C": "Titanoboa",
  "Carcha_Character_BP_C": "Carcharodontosaurus",
  "Carno_Character_BP_C": "Carnotaurus",
  "Chalico_Character_BP_C": "Chalicotherium",
  "Compy_Character_BP_C": "Compy",
  "Daeodon_Character_BP_C": "Daeodon",
  "Dilo_Character_BP_C": "Dilophosaurus",
  "Dimetro_Character_BP_C": "Dimetrodon",
  "Dimorph_Character_BP_C": "Dimorphodon",
  "Diplocaulus_Character_BP_C": "Diplocaulus",
  "Diplodocus_Character_BP_C": "Diplodocus",
  "Direbear_Character_BP_C": "Direbear",
  "Direwolf_Character_BP_C": "Direwolf",
  "Dodo_Character_BP_C": "Dodo",
  "Doed_Character_BP_C": "Doedicurus",
  "Dolphin_Character_BP_C": "Ichthyosaurus",
  "DungBeetle_Character_BP_C": "Dung Beetle",
  "Dunkle_Character_BP_C": "Dunkleosteus",
  "Eel_Character_BP_C": "Electrophorus",
  "Equus_Character_BP_C": "Equus & Unicorn",
  "Equus_Character_BP_Unicorn_C": "Equus & Unicorn",
  "Galli_Character_BP_C": "Gallimimus",
  "Gigant_Character_BP_C": "Giganotosaurus",
  "Hesperornis_Character_BP_C": "Hesperornis",
  "Hyaenodon_Character_BP_C": "Hyaenodon",
  "Ichthyornis_Character_BP_C": "Ichthyornis",
  "Iguanodon_Character_BP_C": "Iguanodon",
  "Kairuku_Character_BP_C": "Kairuku",
  "Kaprosuchus_Character_BP_C": "Kaprosuchus",
  "Kentro_Character_BP_C": "Kentrosaurus",
  "Liopleurodon_Character_BP_C": "Liopleurodon",
  "Lystro_Character_BP_C": "Lystrosaurus",
  "Mammoth_Character_BP_C": "Mammoth",
  "Manta_Character_BP_C": "Manta",
  "Megalania_Character_BP_C": "Megalania",
  "Megalodon_Character_BP_C": "Megalodon",
  "Megalosaurus_Character_BP_C": "Megalosaurus",
  "Megatherium_Character_BP_C": "Megatherium",
  "Microraptor_Character_BP_C": "Microraptor",
  "Monkey_Character_BP_C": "Mesopithecus",
  "Mosa_Character_BP_C": "Mosasaurus",
  "Moschops_Character_BP_C": "Moschops",
  "Otter_Character_BP_C": "Otter",
  "Oviraptor_Character_BP_C": "Oviraptor",
  "Pachyrhino_Character_BP_C": "Pachyrhinosaurus",
  "Pachy_Character_BP_C": "Pachy",
  "Paracer_Character_BP_C": "Paracer",
  "Para_Character_BP_C": "Parasaur",
  "Pegomastax_Character_BP_C": "Pegomastax",
  "Pela_Character_BP_C": "Pelagornis",
  "Phiomia_Character_BP_C": "Phiomia",
  "Plesiosaur_Character_BP_C": "Plesiosaur",
  "Procoptodon_Character_BP_C": "Procoptodon",
  "Ptero_Character_BP_C": "Pteranodon",
  "Purlovia_Character_BP_C": "Purlovia",
  "Quetz_Character_BP_C": "Quetzal",
  "Raptor_Character_BP_C": "Raptor",
  "Rex_Character_BP_C": "Rex",
  "Rhino_Character_BP_C": "Woolly Rhino",
  "Rhynio_Character_BP_C": "Rhyniognatha",
  "Saber_Character_BP_C": "Sabertooth",
  "Sarco_Character_BP_C": "Sarcosuchus",
  "Sauropod_Character_BP_C": "Brontosaurus",
  "Scorpion_Character_BP_C": "Pulmonoscorpius",
  "Sheep_Character_BP_C": "Ovis",
  "SpiderS_Character_BP_C": "Araneo",
  "Spino_Character_BP_C": "Spino",
  "Stag_Character_BP_C": "Megaloceros",
  "Stego_Character_BP_C": "Stegosaurus",
  "Tapejara_Character_BP_C": "Tapejara",
  "TerrorBird_Character_BP_C": "Terror Bird",
  "Therizino_Character_BP_C": "Therizinosaurus",
  "Thylacoleo_Character_BP_C": "Thylacoleo",
  "Titanosaur_Character_BP_C": "Titanosaur",
  "Toad_Character_BP_C": "Beelzebufo",
  "Trike_Character_BP_C": "Trike",
  "Troodon_Character_BP_C": "Troodon",
  "Turtle_Character_BP_C": "Carbonemys",
  "Tusoteuthis_Character_BP_C": "Tusoteuthis",
  "Yutyrannus_Character_BP_C": "Yutyrannus"
}