{
  "schema_version": "1.1",
  "identity": {
    "id": "white_carcha_character_bp_c",
    "label": "Carcha_Character_BP_C",
    "category": "Canvas",
    "type": null,
    "base_template": null
  },
  "source": {
    "origin": "generated",
    "from_pnt": "Carcha_Character_BP_C.pnt",
    "generator": "generate_template_descriptors.py",
    "confidence": "medium"
  },
  "naming": {
    "pattern": "Carcha_Character_BP_C.pnt",
    "placeholders": []
  },
  "format": {
    "type": "pnt",
    "header_bytes": 20,
    "encoding": "raster",
    "endianness": "little"
  },
  "layout": {
    "raster": {
      "width": 256,
      "height": 256,
      "paint_data_size": 65536
    },
    "dynamic": null
  },
  "encode": {
    "paint_area": "full_raster",
    "planks": null
  },
  "preview": {
    "paint_area": null,
    "world_scale": null,
    "visibility_mode": null,
    "mode": null,
    "overlay_dir": null,
    "base_name": null,
    "show_indices": null
  },
  "constraints": {
    "max_colors": 127,
    "alpha_mode": "binary",
    "palette_required": true
  },
  "capabilities": {
    "supports_border": true,
    "supports_dithering": true,
    "supports_dynamic_resize": false
  },
  "meta": {
    "notes": "Autogenerated from existing PNT",
    "tags": [
      "legacy"
    ]
  },
  "resolved": {
    "asset_dir": "Dinos"
  },
  "dynamic": null,
  "multi_canvas": null
}