{
  "schema_version": "1.1",
  "identity": {
    "id": "MultiPaintingCanvas",
    "label": "MultiPaintingCanvas",
    "category": "Canvas",
    "type": "multi_canvas",
    "base_template": "Sign_PaintingCanvas_C"
  },
  "source": {
    "origin": "generated",
    "generator": "generate_multicanvas_descriptor.py",
    "confidence": "high"
  },
  "naming": {
    "pattern": "MultiPaintingCanvas_{row}_{col}.pnt"
  },
  "multi_canvas": {
    "cols": {
      "min": 1,
      "max": 10,
      "default": 2
    },
    "rows": {
      "min": 1,
      "max": 10,
      "default": 3
    }
  },
  "preview": {
    "mode": "grid",
    "show_indices": true,
    "overlay_dir": null,
    "base_name": null,
    "world_scale": null
  },
  "resolved": {
    "asset_dir": "Structures"
  },
  "meta": {
    "notes": "Genera PaintingCanvas independientes a partir de una sola imagen",
    "tags": [
      "multi",
      "composite"
    ]
  },
  "layout": {
    "raster": null,
    "dynamic": null
  },
  "dynamic": null,
  "encode": {
    "paint_area": null,
    "planks": null
  },
  "constraints": {
    "max_colors": null,
    "alpha_mode": null,
    "palette_required": null
  },
  "capabilities": {
    "supports_border": false,
    "supports_dithering": false,
    "supports_dynamic_resize": false
  }
}