{
  "schema_version": "1.1",
  "identity": {
    "id": "white_sign_largepaintingcanvas_c",
    "label": "Sign_LargePaintingCanvas_C",
    "category": "Canvas",
    "type": null,
    "base_template": null
  },
  "source": {
    "origin": "generated",
    "from_pnt": "Sign_LargePaintingCanvas_C.pnt",
    "generator": "generate_template_descriptors.py",
    "confidence": "medium"
  },
  "naming": {
    "pattern": "Sign_LargePaintingCanvas_C.pnt",
    "placeholders": []
  },
  "format": {
    "type": "pnt",
    "header_bytes": 20,
    "encoding": "raster",
    "endianness": "little"
  },
  "layout": {
    "raster": {
      "width": 512,
      "height": 512,
      "paint_data_size": 262144
    },
    "dynamic": null
  },
  "encode": {
    "paint_area": "full_raster",
    "planks": null
  },
  "preview": {
    "overlay_dir": "Structures_Overlay",
    "base_name": "Sign_LargePaintingCanvas_C",
    "mode": "mask",
    "world_scale": {
      "x": 2.2,
      "y": 2.2
    },
    "show_indices": null
  },
  "constraints": {
    "max_colors": 127,
    "alpha_mode": "binary",
    "palette_required": true
  },
  "capabilities": {
    "supports_border": true,
    "supports_dithering": true,
    "supports_dynamic_resize": false
  },
  "meta": {
    "notes": "Autogenerated from existing PNT",
    "tags": [
      "legacy"
    ]
  },
  "resolved": {
    "asset_dir": "Structures"
  },
  "dynamic": null,
  "multi_canvas": null
}