{
  "schema_version": "1.1",
  "identity": {
    "id": "white_sign_large_wood_c",
    "label": "Sign_Large_Wood_C",
    "category": "Canvas",
    "type": null,
    "base_template": null
  },
  "source": {
    "origin": "generated",
    "from_pnt": "Sign_Large_Wood_C.pnt",
    "generator": "generate_template_descriptors.py",
    "confidence": "medium"
  },
  "naming": {
    "pattern": "Sign_Large_Wood_C.pnt",
    "placeholders": []
  },
  "format": {
    "type": "pnt",
    "header_bytes": 20,
    "encoding": "raster",
    "endianness": "little"
  },
  "layout": {
    "raster": {
      "width": 256,
      "height": 256,
      "paint_data_size": 65536
    },
    "dynamic": null
  },
  "encode": {
    "paint_area": {
      "offset_x": 0,
      "offset_y": 69,
      "width": 256,
      "height": 186
    },
    "planks": [
      {
        "id": 1,
        "y": [
          74,
          93
        ],
        "flip_x": false,
        "x_offset": 4
      },
      {
        "id": 2,
        "y": [
          95,
          114
        ],
        "flip_x": true,
        "x_offset": 4
      },
      {
        "id": 3,
        "y": [
          117,
          137
        ],
        "flip_x": false,
        "x_offset": 4
      },
      {
        "id": 4,
        "y": [
          143,
          162
        ],
        "flip_x": false,
        "x_offset": 4
      },
      {
        "id": 5,
        "y": [
          164,
          183
        ],
        "flip_x": true,
        "x_offset": 4
      },
      {
        "id": 6,
        "y": [
          186,
          206
        ],
        "flip_x": true,
        "x_offset": 4
      },
      {
        "id": 7,
        "y": [
          210,
          229
        ],
        "flip_x": false,
        "x_offset": 4
      },
      {
        "id": 8,
        "y": [
          232,
          251
        ],
        "flip_x": false,
        "x_offset": 4
      }
    ]
  },
  "preview": {
    "overlay_dir": "Structures_Overlay",
    "base_name": "Sign_Large_Wood_C",
    "mode": "mask",
    "world_scale": {
      "x": 6.3,
      "y": 2.8
    },
    "show_indices": null
  },
  "constraints": {
    "max_colors": 127,
    "alpha_mode": "binary",
    "palette_required": true
  },
  "capabilities": {
    "supports_border": true,
    "supports_dithering": true,
    "supports_dynamic_resize": false
  },
  "meta": {
    "notes": "Autogenerated from existing PNT",
    "tags": [
      "legacy"
    ]
  },
  "resolved": {
    "asset_dir": "Structures"
  },
  "dynamic": null,
  "multi_canvas": null
}