{
  "schema_version": "1.1",
  "identity": {
    "id": "896_StructureBP_DrawingSheet_C",
    "type": "static",
    "abstract": true,
    "label": null,
    "category": null,
    "base_template": null
  },
  "resolved": {
    "asset_dir": "Structures",
    "pnt": "896_StructureBP_DrawingSheet_C.pnt"
  },
  "layout": {
    "raster": {
      "width": 896,
      "height": 896
    },
    "dynamic": null
  },
  "encode": {
    "paint_area": {
      "x": 0,
      "y": 0,
      "width": 896,
      "height": 896
    },
    "planks": null
  },
  "dynamic": null,
  "preview": {
    "mode": null,
    "overlay_dir": null,
    "base_name": null,
    "world_scale": null,
    "show_indices": null
  },
  "constraints": {
    "max_colors": null,
    "alpha_mode": null,
    "palette_required": null
  },
  "capabilities": {
    "supports_border": false,
    "supports_dithering": false,
    "supports_dynamic_resize": false
  },
  "multi_canvas": null,
  "naming": {
    "pattern": null
  },
  "meta": {}
}